"FullName","LastWriteTime"
"M:\OneDrive\Documents\GitHub\CAPM_Exam\.git","14-Aug-2025 12:42:45"
"M:\OneDrive\Documents\GitHub\CAPM_Exam\.git\.git","05-Aug-2025 19:08:40"
"M:\OneDrive\Documents\GitHub\CAPM_Exam\.git\.git\hooks","04-Aug-2025 18:59:08"
"M:\OneDrive\Documents\GitHub\CAPM_Exam\.git\.git\info","04-Aug-2025 18:59:08"
"M:\OneDrive\Documents\GitHub\CAPM_Exam\.git\.git\logs","04-Aug-2025 19:03:37"
"M:\OneDrive\Documents\GitHub\CAPM_Exam\.git\.git\logs\refs","04-Aug-2025 19:04:05"
"M:\OneDrive\Documents\GitHub\CAPM_Exam\.git\.git\logs\refs\heads","04-Aug-2025 19:03:37"
"M:\OneDrive\Documents\GitHub\CAPM_Exam\.git\.git\logs\refs\remotes","04-Aug-2025 19:04:34"
"M:\OneDrive\Documents\GitHub\CAPM_Exam\.git\.git\logs\refs\remotes\origin","04-Aug-2025 19:04:34"
"M:\OneDrive\Documents\GitHub\CAPM_Exam\.git\.git\objects","05-Aug-2025 19:07:23"
"M:\OneDrive\Documents\GitHub\CAPM_Exam\.git\.git\objects\01","04-Aug-2025 18:59:37"
"M:\OneDrive\Documents\GitHub\CAPM_Exam\.git\.git\objects\0b","04-Aug-2025 19:09:14"
"M:\OneDrive\Documents\GitHub\CAPM_Exam\.git\.git\objects\0d","04-Aug-2025 19:03:37"
"M:\OneDrive\Documents\GitHub\CAPM_Exam\.git\.git\objects\1a","06-Aug-2025 04:37:14"
"M:\OneDrive\Documents\GitHub\CAPM_Exam\.git\.git\objects\1e","04-Aug-2025 18:59:37"
"M:\OneDrive\Documents\GitHub\CAPM_Exam\.git\.git\objects\24","06-Aug-2025 04:37:14"
"M:\OneDrive\Documents\GitHub\CAPM_Exam\.git\.git\objects\2f","06-Aug-2025 04:37:14"
"M:\OneDrive\Documents\GitHub\CAPM_Exam\.git\.git\objects\30","06-Aug-2025 04:37:14"
"M:\OneDrive\Documents\GitHub\CAPM_Exam\.git\.git\objects\46","04-Aug-2025 19:04:34"
"M:\OneDrive\Documents\GitHub\CAPM_Exam\.git\.git\objects\4a","06-Aug-2025 04:37:14"
"M:\OneDrive\Documents\GitHub\CAPM_Exam\.git\.git\objects\4b","04-Aug-2025 18:59:37"
"M:\OneDrive\Documents\GitHub\CAPM_Exam\.git\.git\objects\4d","04-Aug-2025 19:03:37"
"M:\OneDrive\Documents\GitHub\CAPM_Exam\.git\.git\objects\50","06-Aug-2025 04:37:14"
"M:\OneDrive\Documents\GitHub\CAPM_Exam\.git\.git\objects\5d","06-Aug-2025 04:37:14"
"M:\OneDrive\Documents\GitHub\CAPM_Exam\.git\.git\objects\69","04-Aug-2025 19:03:37"
"M:\OneDrive\Documents\GitHub\CAPM_Exam\.git\.git\objects\6e","06-Aug-2025 04:37:14"
"M:\OneDrive\Documents\GitHub\CAPM_Exam\.git\.git\objects\70","04-Aug-2025 19:04:34"
"M:\OneDrive\Documents\GitHub\CAPM_Exam\.git\.git\objects\72","04-Aug-2025 19:03:08"
"M:\OneDrive\Documents\GitHub\CAPM_Exam\.git\.git\objects\87","06-Aug-2025 04:37:14"
"M:\OneDrive\Documents\GitHub\CAPM_Exam\.git\.git\objects\8d","04-Aug-2025 19:04:34"
"M:\OneDrive\Documents\GitHub\CAPM_Exam\.git\.git\objects\8e","05-Aug-2025 19:06:09"
"M:\OneDrive\Documents\GitHub\CAPM_Exam\.git\.git\objects\8f","04-Aug-2025 19:04:34"
"M:\OneDrive\Documents\GitHub\CAPM_Exam\.git\.git\objects\96","06-Aug-2025 04:37:14"
"M:\OneDrive\Documents\GitHub\CAPM_Exam\.git\.git\objects\9c","04-Aug-2025 18:59:37"
"M:\OneDrive\Documents\GitHub\CAPM_Exam\.git\.git\objects\9f","04-Aug-2025 19:03:37"
"M:\OneDrive\Documents\GitHub\CAPM_Exam\.git\.git\objects\a8","06-Aug-2025 04:37:14"
"M:\OneDrive\Documents\GitHub\CAPM_Exam\.git\.git\objects\a9","05-Aug-2025 19:06:08"
"M:\OneDrive\Documents\GitHub\CAPM_Exam\.git\.git\objects\aa","05-Aug-2025 19:06:01"
"M:\OneDrive\Documents\GitHub\CAPM_Exam\.git\.git\objects\b3","06-Aug-2025 04:37:14"
"M:\OneDrive\Documents\GitHub\CAPM_Exam\.git\.git\objects\b4","05-Aug-2025 19:06:08"
"M:\OneDrive\Documents\GitHub\CAPM_Exam\.git\.git\objects\b7","05-Aug-2025 19:06:08"
"M:\OneDrive\Documents\GitHub\CAPM_Exam\.git\.git\objects\ba","04-Aug-2025 19:09:14"
"M:\OneDrive\Documents\GitHub\CAPM_Exam\.git\.git\objects\c5","04-Aug-2025 18:59:37"
"M:\OneDrive\Documents\GitHub\CAPM_Exam\.git\.git\objects\ce","04-Aug-2025 18:59:37"
"M:\OneDrive\Documents\GitHub\CAPM_Exam\.git\.git\objects\e6","04-Aug-2025 18:59:37"
"M:\OneDrive\Documents\GitHub\CAPM_Exam\.git\.git\objects\e7","04-Aug-2025 18:59:37"
"M:\OneDrive\Documents\GitHub\CAPM_Exam\.git\.git\objects\eb","06-Aug-2025 04:37:14"
"M:\OneDrive\Documents\GitHub\CAPM_Exam\.git\.git\objects\ec","05-Aug-2025 19:06:08"
"M:\OneDrive\Documents\GitHub\CAPM_Exam\.git\.git\objects\ee","06-Aug-2025 04:37:14"
"M:\OneDrive\Documents\GitHub\CAPM_Exam\.git\.git\objects\f8","04-Aug-2025 18:59:37"
"M:\OneDrive\Documents\GitHub\CAPM_Exam\.git\.git\objects\fc","06-Aug-2025 04:37:14"
"M:\OneDrive\Documents\GitHub\CAPM_Exam\.git\.git\objects\info","04-Aug-2025 18:59:08"
"M:\OneDrive\Documents\GitHub\CAPM_Exam\.git\.git\objects\pack","04-Aug-2025 18:59:08"
"M:\OneDrive\Documents\GitHub\CAPM_Exam\.git\.git\refs","04-Aug-2025 19:04:05"
"M:\OneDrive\Documents\GitHub\CAPM_Exam\.git\.git\refs\heads","05-Aug-2025 19:07:23"
"M:\OneDrive\Documents\GitHub\CAPM_Exam\.git\.git\refs\remotes","04-Aug-2025 19:04:34"
"M:\OneDrive\Documents\GitHub\CAPM_Exam\.git\.git\refs\remotes\origin","05-Aug-2025 19:07:34"
"M:\OneDrive\Documents\GitHub\CAPM_Exam\.git\.git\refs\tags","04-Aug-2025 18:59:09"
"M:\OneDrive\Documents\GitHub\CAPM_Exam\.git\hooks","04-Aug-2025 08:45:46"
"M:\OneDrive\Documents\GitHub\CAPM_Exam\.git\info","04-Aug-2025 08:45:46"
"M:\OneDrive\Documents\GitHub\CAPM_Exam\.git\logs","04-Aug-2025 08:49:20"
"M:\OneDrive\Documents\GitHub\CAPM_Exam\.git\logs\refs","04-Aug-2025 08:49:20"
"M:\OneDrive\Documents\GitHub\CAPM_Exam\.git\logs\refs\heads","04-Aug-2025 08:50:08"
"M:\OneDrive\Documents\GitHub\CAPM_Exam\.git\logs\refs\remotes","04-Aug-2025 08:46:51"
"M:\OneDrive\Documents\GitHub\CAPM_Exam\.git\logs\refs\remotes\origin","04-Aug-2025 08:46:51"
"M:\OneDrive\Documents\GitHub\CAPM_Exam\.git\objects","13-Aug-2025 22:13:03"
"M:\OneDrive\Documents\GitHub\CAPM_Exam\.git\objects\05","04-Aug-2025 08:46:50"
"M:\OneDrive\Documents\GitHub\CAPM_Exam\.git\objects\08","04-Aug-2025 08:49:41"
"M:\OneDrive\Documents\GitHub\CAPM_Exam\.git\objects\09","04-Aug-2025 08:46:50"
"M:\OneDrive\Documents\GitHub\CAPM_Exam\.git\objects\10","04-Aug-2025 08:46:50"
"M:\OneDrive\Documents\GitHub\CAPM_Exam\.git\objects\16","04-Aug-2025 08:49:41"
"M:\OneDrive\Documents\GitHub\CAPM_Exam\.git\objects\17","13-Aug-2025 22:13:43"
"M:\OneDrive\Documents\GitHub\CAPM_Exam\.git\objects\1a","04-Aug-2025 08:46:50"
"M:\OneDrive\Documents\GitHub\CAPM_Exam\.git\objects\1b","04-Aug-2025 08:46:50"
"M:\OneDrive\Documents\GitHub\CAPM_Exam\.git\objects\1d","13-Aug-2025 22:13:15"
"M:\OneDrive\Documents\GitHub\CAPM_Exam\.git\objects\1f","04-Aug-2025 08:49:41"
"M:\OneDrive\Documents\GitHub\CAPM_Exam\.git\objects\23","13-Aug-2025 22:13:15"
"M:\OneDrive\Documents\GitHub\CAPM_Exam\.git\objects\26","04-Aug-2025 08:46:50"
"M:\OneDrive\Documents\GitHub\CAPM_Exam\.git\objects\27","04-Aug-2025 08:46:50"
"M:\OneDrive\Documents\GitHub\CAPM_Exam\.git\objects\2c","04-Aug-2025 08:56:07"
"M:\OneDrive\Documents\GitHub\CAPM_Exam\.git\objects\2d","04-Aug-2025 08:49:41"
"M:\OneDrive\Documents\GitHub\CAPM_Exam\.git\objects\2f","04-Aug-2025 08:46:50"
"M:\OneDrive\Documents\GitHub\CAPM_Exam\.git\objects\31","04-Aug-2025 08:49:41"
"M:\OneDrive\Documents\GitHub\CAPM_Exam\.git\objects\36","04-Aug-2025 08:46:50"
"M:\OneDrive\Documents\GitHub\CAPM_Exam\.git\objects\38","04-Aug-2025 08:49:41"
"M:\OneDrive\Documents\GitHub\CAPM_Exam\.git\objects\3a","04-Aug-2025 08:46:50"
"M:\OneDrive\Documents\GitHub\CAPM_Exam\.git\objects\3b","04-Aug-2025 08:46:50"
"M:\OneDrive\Documents\GitHub\CAPM_Exam\.git\objects\47","04-Aug-2025 08:46:50"
"M:\OneDrive\Documents\GitHub\CAPM_Exam\.git\objects\4b","04-Aug-2025 08:46:50"
"M:\OneDrive\Documents\GitHub\CAPM_Exam\.git\objects\4c","04-Aug-2025 08:46:50"
"M:\OneDrive\Documents\GitHub\CAPM_Exam\.git\objects\4e","04-Aug-2025 08:50:08"
"M:\OneDrive\Documents\GitHub\CAPM_Exam\.git\objects\4f","04-Aug-2025 08:46:50"
"M:\OneDrive\Documents\GitHub\CAPM_Exam\.git\objects\53","04-Aug-2025 08:46:50"
"M:\OneDrive\Documents\GitHub\CAPM_Exam\.git\objects\58","04-Aug-2025 08:46:50"
"M:\OneDrive\Documents\GitHub\CAPM_Exam\.git\objects\5d","13-Aug-2025 22:12:57"
"M:\OneDrive\Documents\GitHub\CAPM_Exam\.git\objects\63","04-Aug-2025 08:46:50"
"M:\OneDrive\Documents\GitHub\CAPM_Exam\.git\objects\64","04-Aug-2025 08:46:50"
"M:\OneDrive\Documents\GitHub\CAPM_Exam\.git\objects\65","04-Aug-2025 08:46:50"
"M:\OneDrive\Documents\GitHub\CAPM_Exam\.git\objects\66","04-Aug-2025 08:46:50"
"M:\OneDrive\Documents\GitHub\CAPM_Exam\.git\objects\69","04-Aug-2025 08:46:50"
"M:\OneDrive\Documents\GitHub\CAPM_Exam\.git\objects\6c","04-Aug-2025 08:46:50"
"M:\OneDrive\Documents\GitHub\CAPM_Exam\.git\objects\6f","04-Aug-2025 08:46:50"
"M:\OneDrive\Documents\GitHub\CAPM_Exam\.git\objects\70","13-Aug-2025 22:12:48"
"M:\OneDrive\Documents\GitHub\CAPM_Exam\.git\objects\7a","04-Aug-2025 08:49:12"
"M:\OneDrive\Documents\GitHub\CAPM_Exam\.git\objects\7c","04-Aug-2025 08:46:50"
"M:\OneDrive\Documents\GitHub\CAPM_Exam\.git\objects\7f","13-Aug-2025 22:12:57"
"M:\OneDrive\Documents\GitHub\CAPM_Exam\.git\objects\81","04-Aug-2025 08:46:50"
"M:\OneDrive\Documents\GitHub\CAPM_Exam\.git\objects\84","04-Aug-2025 08:55:40"
"M:\OneDrive\Documents\GitHub\CAPM_Exam\.git\objects\85","04-Aug-2025 08:46:50"
"M:\OneDrive\Documents\GitHub\CAPM_Exam\.git\objects\86","04-Aug-2025 08:49:41"
"M:\OneDrive\Documents\GitHub\CAPM_Exam\.git\objects\89","04-Aug-2025 08:46:50"
"M:\OneDrive\Documents\GitHub\CAPM_Exam\.git\objects\94","04-Aug-2025 08:46:50"
"M:\OneDrive\Documents\GitHub\CAPM_Exam\.git\objects\98","04-Aug-2025 08:46:51"
"M:\OneDrive\Documents\GitHub\CAPM_Exam\.git\objects\9a","04-Aug-2025 08:50:08"
"M:\OneDrive\Documents\GitHub\CAPM_Exam\.git\objects\9b","04-Aug-2025 08:46:51"
"M:\OneDrive\Documents\GitHub\CAPM_Exam\.git\objects\a0","04-Aug-2025 08:46:51"
"M:\OneDrive\Documents\GitHub\CAPM_Exam\.git\objects\a4","04-Aug-2025 08:49:41"
"M:\OneDrive\Documents\GitHub\CAPM_Exam\.git\objects\aa","13-Aug-2025 22:13:15"
"M:\OneDrive\Documents\GitHub\CAPM_Exam\.git\objects\ab","04-Aug-2025 08:46:51"
"M:\OneDrive\Documents\GitHub\CAPM_Exam\.git\objects\af","04-Aug-2025 08:50:08"
"M:\OneDrive\Documents\GitHub\CAPM_Exam\.git\objects\b0","13-Aug-2025 22:13:15"
"M:\OneDrive\Documents\GitHub\CAPM_Exam\.git\objects\b1","04-Aug-2025 08:46:51"
"M:\OneDrive\Documents\GitHub\CAPM_Exam\.git\objects\b3","13-Aug-2025 22:13:15"
"M:\OneDrive\Documents\GitHub\CAPM_Exam\.git\objects\b8","04-Aug-2025 08:46:51"
"M:\OneDrive\Documents\GitHub\CAPM_Exam\.git\objects\bb","04-Aug-2025 08:46:51"
"M:\OneDrive\Documents\GitHub\CAPM_Exam\.git\objects\bd","04-Aug-2025 08:46:51"
"M:\OneDrive\Documents\GitHub\CAPM_Exam\.git\objects\c4","13-Aug-2025 22:12:48"
"M:\OneDrive\Documents\GitHub\CAPM_Exam\.git\objects\c8","13-Aug-2025 22:13:43"
"M:\OneDrive\Documents\GitHub\CAPM_Exam\.git\objects\d0","04-Aug-2025 08:46:51"
"M:\OneDrive\Documents\GitHub\CAPM_Exam\.git\objects\d6","04-Aug-2025 08:46:51"
"M:\OneDrive\Documents\GitHub\CAPM_Exam\.git\objects\d7","13-Aug-2025 22:13:15"
"M:\OneDrive\Documents\GitHub\CAPM_Exam\.git\objects\d9","04-Aug-2025 08:56:07"
"M:\OneDrive\Documents\GitHub\CAPM_Exam\.git\objects\e7","04-Aug-2025 08:46:51"
"M:\OneDrive\Documents\GitHub\CAPM_Exam\.git\objects\e8","04-Aug-2025 08:46:51"
"M:\OneDrive\Documents\GitHub\CAPM_Exam\.git\objects\ea","04-Aug-2025 08:49:41"
"M:\OneDrive\Documents\GitHub\CAPM_Exam\.git\objects\f3","04-Aug-2025 08:46:51"
"M:\OneDrive\Documents\GitHub\CAPM_Exam\.git\objects\f4","04-Aug-2025 08:49:12"
"M:\OneDrive\Documents\GitHub\CAPM_Exam\.git\objects\f5","04-Aug-2025 08:46:51"
"M:\OneDrive\Documents\GitHub\CAPM_Exam\.git\objects\f6","04-Aug-2025 08:46:51"
"M:\OneDrive\Documents\GitHub\CAPM_Exam\.git\objects\f7","13-Aug-2025 22:13:43"
"M:\OneDrive\Documents\GitHub\CAPM_Exam\.git\objects\f8","04-Aug-2025 08:46:51"
"M:\OneDrive\Documents\GitHub\CAPM_Exam\.git\objects\fb","04-Aug-2025 08:46:51"
"M:\OneDrive\Documents\GitHub\CAPM_Exam\.git\objects\fc","13-Aug-2025 22:13:15"
"M:\OneDrive\Documents\GitHub\CAPM_Exam\.git\objects\info","04-Aug-2025 08:45:46"
"M:\OneDrive\Documents\GitHub\CAPM_Exam\.git\objects\pack","04-Aug-2025 08:45:46"
"M:\OneDrive\Documents\GitHub\CAPM_Exam\.git\refs","04-Aug-2025 08:46:15"
"M:\OneDrive\Documents\GitHub\CAPM_Exam\.git\refs\heads","13-Aug-2025 22:13:03"
"M:\OneDrive\Documents\GitHub\CAPM_Exam\.git\refs\remotes","04-Aug-2025 08:46:51"
"M:\OneDrive\Documents\GitHub\CAPM_Exam\.git\refs\remotes\origin","13-Aug-2025 22:14:06"
"M:\OneDrive\Documents\GitHub\CAPM_Exam\.git\refs\tags","04-Aug-2025 08:45:46"
"M:\OneDrive\Documents\GitHub\CAPM_Exam\_Logs","14-Aug-2025 14:09:43"
"M:\OneDrive\Documents\GitHub\CAPM_Exam\archive","14-Aug-2025 12:56:34"
"M:\OneDrive\Documents\GitHub\CAPM_Exam\archive\_Logs","14-Aug-2025 12:56:00"
"M:\OneDrive\Documents\GitHub\CAPM_Exam\backend","14-Aug-2025 14:06:56"
"M:\OneDrive\Documents\GitHub\CAPM_Exam\backend\exam_simulator","14-Aug-2025 14:06:56"
"M:\OneDrive\Documents\GitHub\CAPM_Exam\backend\prep_questions","14-Aug-2025 14:06:56"
"M:\OneDrive\Documents\GitHub\CAPM_Exam\backup","14-Aug-2025 12:48:27"
"M:\OneDrive\Documents\GitHub\CAPM_Exam\backup\data_backup_20250804_174047","04-Aug-2025 19:06:52"
"M:\OneDrive\Documents\GitHub\CAPM_Exam\backup\data_backup_20250804_183048","04-Aug-2025 19:06:52"
"M:\OneDrive\Documents\GitHub\CAPM_Exam\backup\data_backup_20250804_184205","04-Aug-2025 19:06:52"
"M:\OneDrive\Documents\GitHub\CAPM_Exam\backup\data_backup_20250805_084423","05-Aug-2025 08:44:50"
"M:\OneDrive\Documents\GitHub\CAPM_Exam\backup\data_backup_20250805_093314","05-Aug-2025 09:33:45"
"M:\OneDrive\Documents\GitHub\CAPM_Exam\backup\data_backup_20250805_094603","05-Aug-2025 09:46:32"
"M:\OneDrive\Documents\GitHub\CAPM_Exam\backup\data_backup_20250805_095324","05-Aug-2025 09:53:52"
"M:\OneDrive\Documents\GitHub\CAPM_Exam\backup\data_backup_20250805_151608","05-Aug-2025 15:16:35"
"M:\OneDrive\Documents\GitHub\CAPM_Exam\backup\data_backup_20250805_151652","05-Aug-2025 15:17:29"
"M:\OneDrive\Documents\GitHub\CAPM_Exam\backup\data_backup_20250805_153011","05-Aug-2025 15:30:38"
"M:\OneDrive\Documents\GitHub\CAPM_Exam\backup\data_backup_20250805_160550","05-Aug-2025 16:06:19"
"M:\OneDrive\Documents\GitHub\CAPM_Exam\backup\data_backup_20250805_162652","05-Aug-2025 16:27:20"
"M:\OneDrive\Documents\GitHub\CAPM_Exam\backup\data_backup_20250805_164254","05-Aug-2025 16:43:21"
"M:\OneDrive\Documents\GitHub\CAPM_Exam\backup\data_backup_20250805_164258","05-Aug-2025 16:43:48"
"M:\OneDrive\Documents\GitHub\CAPM_Exam\backup\data_backup_20250805_164437","05-Aug-2025 16:45:05"
"M:\OneDrive\Documents\GitHub\CAPM_Exam\backup\data_backup_20250805_165521","05-Aug-2025 16:55:48"
"M:\OneDrive\Documents\GitHub\CAPM_Exam\backup\data_backup_20250805_181537","05-Aug-2025 18:16:05"
"M:\OneDrive\Documents\GitHub\CAPM_Exam\data","14-Aug-2025 14:06:21"
"M:\OneDrive\Documents\GitHub\CAPM_Exam\data\archive","14-Aug-2025 14:06:56"
"M:\OneDrive\Documents\GitHub\CAPM_Exam\data\processed","14-Aug-2025 14:06:56"
"M:\OneDrive\Documents\GitHub\CAPM_Exam\data\raw","14-Aug-2025 14:06:56"
"M:\OneDrive\Documents\GitHub\CAPM_Exam\docs","13-Aug-2025 18:42:01"
"M:\OneDrive\Documents\GitHub\CAPM_Exam\frontend","14-Aug-2025 14:06:56"
"M:\OneDrive\Documents\GitHub\CAPM_Exam\import","14-Aug-2025 12:45:47"
"M:\OneDrive\Documents\GitHub\CAPM_Exam\logs","05-Aug-2025 18:15:37"
"M:\OneDrive\Documents\GitHub\CAPM_Exam\ReadMe","14-Aug-2025 13:05:14"
"M:\OneDrive\Documents\GitHub\CAPM_Exam\scripts","14-Aug-2025 12:53:42"
"M:\OneDrive\Documents\GitHub\CAPM_Exam\static","14-Aug-2025 14:06:56"
